7,21296,0,-0.0193451,0.997614,-0.00749043,0.0658428
7,21296,1,-0.019204,0.998657,-0.00784515,0.0474734
7,21296,2,-0.022475,0.99841,-0.0426702,0.0291704
7,21296,3,0,0,0,0
7,21297,4,0.800939,-0.596969,0.0446216,-0.0115587
7,21297,5,0.875081,-0.0696874,-0.473512,-0.0718522
7,21297,6,0.714541,-0.112186,0.684976,-0.0874875
7,21297,7,0.715899,-0.0256361,0.69611,-0.0475595
7,21297,8,0.813955,0.580379,0.00339463,0.025003
7,21297,9,0.839665,0.109166,0.529619,-0.05049
7,21297,10,0.713164,0.127749,-0.685054,-0.0760107
7,21297,11,-0.699527,-0.0161067,0.709381,0.084747
7,21297,12,0.691456,-0.670187,0.191988,-0.189416
7,21297,13,0.750515,-0.0334734,-0.658402,-0.0459758
7,21297,14,-0.660512,0.058644,0.745805,-0.0637166
7,21554,15,0,0,0,0
7,21554,16,0.701398,0.691467,-0.132871,-0.110728
7,21554,17,0.655383,0.0336865,0.754451,-0.0118831
7,21554,18,0.607487,0.0319981,0.790734,0.0683844
7,21554,19,0,0,0,0
7,21554,20,-0.0216919,0.99894,-0.0216409,0.0343445
7,21554,21,0,0,0,0
7,21554,22,0,0,0,0
7,21554,23,0,0,0,0
7,21554,24,0,0,0,0
8,22280,0,-0.0204366,0.998064,0.00197746,0.0587055
8,22280,1,-0.0204744,0.999094,0.00153862,0.0372827
8,22280,2,-0.0233036,0.999066,-0.0327416,0.0158802
8,22280,3,0,0,0,0
8,22280,4,0.804112,-0.593123,0.0348539,-0.0198544
8,22280,5,0.861693,-0.0772797,-0.493731,-0.0879939
8,22280,6,0.803011,-0.122162,0.57038,-0.122131
8,22280,7,0.804462,0.0164111,0.59053,-0.0620141
8,22280,8,0.819777,0.572621,-0.00839075,-0.000432393
8,22280,9,0.786915,0.102361,0.604224,-0.0721106
8,22280,10,-0.591363,-0.166153,0.788736,0.0240614
8,22280,11,-0.577329,-0.194069,0.785076,0.112624
8,22280,12,0.698254,-0.664609,0.184463,-0.191597
8,22280,13,0.747826,-0.0376469,-0.662695,-0.013202
8,22280,14,0.707382,-0.0442293,-0.701004,0.0790481
8,22280,15,0,0,0,0
8,22280,16,0.696075,0.694233,-0.134264,-0.124471
8,22280,17,0.663349,0.0574566,0.746091,-0.0039449
8,22280,18,0.636342,0.0340452,0.76826,0.0607206
8,22280,19,0,0,0,0
8,22280,20,-0.0218929,0.999545,-0.0137207,0.0155338
8,22280,21,0,0,0,0
8,22280,22,0,0,0,0
8,22280,23,0,0,0,0
8,22280,24,0,0,0,0
9,23283,0,-0.0213811,0.998268,-0.00221753,0.0547621
9,23283,1,-0.0213337,0.999147,-0.00263434,0.0352713
9,23283,2,-0.0235065,0.998889,-0.0376103,0.0159006
9,23283,3,0,0,0,0
9,23283,4,0.806297,-0.590154,0.0369479,-0.0154461
9,23283,5,0.864448,-0.080143,-0.489988,-0.0788599
9,23283,6,0.814783,-0.111915,0.555025,-0.124703
9,23283,7,0.813558,0.0143102,0.575305,-0.0833221
9,23283,8,0.817035,0.576476,-0.0105249,0.0042083
9,23283,9,0.791855,0.103235,0.598258,-0.0663073
9,23283,10,-0.643482,-0.154591,0.749047,0.0310045
9,23283,11,-0.640986,-0.147193,0.75121,0.0561676
9,23283,12,0.698403,-0.665787,0.184376,-0.186992
9,23283,13,0.745162,-0.0341088,-0.665913,-0.011418
9,23283,14,0.706767,-0.0412391,-0.701624,0.0806484
9,23283,15,0,0,0,0
9,23283,16,0.694175,0.695586,-0.13843,-0.122953
9,23283,17,0.666241,0.0599161,0.743317,-0.00357519
9,23283,18,0.63658,0.0349779,0.768327,0.0567105
9,23283,19,0,0,0,0
9,23283,20,-0.0224444,0.99946,-0.0183054,0.0155331
9,23283,21,0,0,0,0
9,23283,22,0,0,0,0
9,23283,23,0,0,0,0
9,23283,24,0,0,0,0
10,24281,0,-0.0212619,0.998405,-0.00406881,0.0521495
10,24281,1,-0.0211856,0.999179,-0.00444928,0.0342446
10,24281,2,-0.0227244,0.998862,-0.0385443,0.0165061
10,24281,3,0,0,0,0
10,24281,4,0.804189,-0.59321,0.0354838,-0.0110602
10,24281,5,0.841201,-0.088278,-0.526092,-0.0884038
10,24281,6,0.771302,-0.143962,0.61051,-0.107916
10,24281,7,0.77915,-0.103057,0.614609,-0.0675323
10,24281,8,0.815172,0.579084,-0.0081332,0.00946922
10,24281,9,0.549582,0.114181,0.816503,-0.135079
10,24281,10,0.883739,0.158043,0.349293,-0.268371
10,24281,11,0.863811,0.24456,0.37405,-0.232611
10,24281,12,0.699994,-0.665219,0.183929,-0.183473
10,24281,13,0.74322,-0.0322951,-0.668098,-0.0150512
10,24281,14,0.707036,-0.0414238,-0.701354,0.0805409
10,24281,15,0,0,0,0
10,24281,16,0.692454,0.696984,-0.140079,-0.122871
10,24281,17,0.668268,0.0594303,0.741503,-0.00766558
10,24282,18,0.642195,0.0343727,0.763442,0.0596765
10,24282,19,0,0,0,0
10,24282,20,-0.0218055,0.999443,-0.0194263,0.0161503
10,24282,21,0,0,0,0
10,24282,22,0,0,0,0
10,24282,23,0,0,0,0
10,24282,24,0,0,0,0
11,25280,0,-0.0195402,0.998721,-0.00392771,0.0464602
11,25280,1,-0.0194765,0.999325,-0.00423215,0.0308696
11,25280,2,-0.0206233,0.998929,-0.0384276,0.0154854
11,25280,3,0,0,0,0
11,25280,4,0.799571,-0.599663,0.0322932,-0.00692718
11,25280,5,0.703952,-0.137755,-0.671301,-0.186628
11,25280,6,0.253462,-0.259667,0.920446,0.145294
11,25280,7,0.252025,-0.266573,0.918808,0.14565
11,25280,8,0.813452,0.58146,-0.00662461,0.0124632
11,25280,9,0.502821,0.148554,0.825071,-0.210621
11,25280,10,0.905564,0.339598,0.0388779,-0.251226
11,25280,11,0.872702,0.431504,0.0717774,-0.216894
11,25280,12,0.698089,-0.668916,0.180528,-0.180646
11,25280,13,0.739246,-0.0313405,-0.672476,-0.0175809
11,25280,14,0.706884,-0.0422314,-0.701624,0.0790896
11,25280,15,0,0,0,0
11,25280,16,0.693602,0.694706,-0.142828,-0.126096
11,25280,17,0.672559,0.0586827,0.737693,-0.00545008
11,25280,18,0.646712,0.0337957,0.759706,0.0588858
11,25280,19,0,0,0,0
11,25280,20,-0.0197399,0.999503,-0.0193422,0.0151655
11,25280,21,0,0,0,0
11,25280,22,0,0,0,0
11,25280,23,0,0,0,0
11,25280,24,0,0,0,0
12,26285,0,-0.0188922,0.999149,-0.00442779,0.0364065
12,26285,1,-0.018835,0.999528,-0.0046651,0.0238345
12,26285,2,-0.0204555,0.998974,-0.0387297,0.0115336
12,26285,3,0,0,0,0
12,26285,4,0.798162,-0.601751,0.0287015,-0.00299532
12,26285,5,-0.584365,0.139985,0.765405,0.230385
12,26285,6,-0.142532,-0.184856,0.913162,0.334138
12,26285,7,-0.14776,-0.175488,0.925855,0.300272
12,26285,8,0.811855,0.583668,-0.00944777,0.0115439
12,26285,9,0.454548,0.149451,0.840143,-0.255363
12,26285,10,0.876239,0.37824,0.100441,-0.281161
12,26285,11,0.850436,0.455465,0.142089,-0.221632
12,26285,12,0.694721,-0.675356,0.174197,-0.17582
12,26285,13,0.732232,-0.0280592,-0.680176,-0.0202348
12,26285,14,-0.704798,0.041367,0.70378,-0.0790045
12,26285,15,0,0,0,0
12,26285,16,0.699096,0.686906,-0.149833,-0.130286
12,26285,17,0.679969,0.0589809,0.730852,-0.00430558
12,26285,18,0.65127,0.0328813,0.755976,0.0571492
12,26285,19,0,0,0,0
12,26286,20,-0.0194772,0.999553,-0.019727,0.01122
12,26286,21,0,0,0,0
12,26286,22,0,0,0,0
12,26286,23,0,0,0,0
12,26286,24,0,0,0,0
13,27289,0,-0.0192862,0.999322,-0.00479891,0.0309878
13,27289,1,-0.019221,0.999645,-0.00505377,0.0177577
13,27289,2,-0.0208268,0.998982,-0.0397235,0.00481194
13,27289,3,0,0,0,0
13,27289,4,0.798994,-0.600839,0.0244955,0.000959528
13,27289,5,-0.530264,0.13448,0.800591,0.244517
13,27289,6,0.245096,-0.295791,0.884117,0.26603
13,27289,7,0.259437,-0.404454,0.779654,0.401558
13,27289,8,0.811427,0.584189,-0.0160731,0.0071221
13,27289,9,0.381122,0.134894,0.871713,-0.276885
13,27289,10,0.785816,0.335105,0.342646,-0.390886
13,27289,11,0.703705,0.452469,0.37563,-0.398714
13,27289,12,0.69535,-0.675739,0.172319,-0.173698
13,27289,13,0.728544,-0.0307503,-0.683992,-0.0208256
13,27289,14,-0.701258,0.041517,0.707258,-0.079366
13,27289,15,0,0,0,0
13,27289,16,0.698467,0.685723,-0.154735,-0.134104
13,27289,17,0.68383,0.0604929,0.727129,-0.000864952
13,27289,18,0.650391,0.0342921,0.756583,0.0582883
13,27289,19,0,0,0,0
13,27289,20,-0.0198735,0.999584,-0.0204287,0.0044791
13,27289,21,0,0,0,0
13,27289,22,0,0,0,0
13,27290,23,0,0,0,0
13,27290,24,0,0,0,0
14,28280,0,-0.0194153,0.999414,-0.0047877,0.0277791
14,28280,1,-0.0193544,0.999682,-0.00502825,0.0153753
14,28280,2,-0.0206292,0.998998,-0.0395799,0.00330438
14,28280,3,0,0,0,0
14,28280,4,0.799203,-0.600695,0.0199946,0.00638995
14,28280,5,-0.487493,0.133428,0.819156,0.271167
14,28280,6,0.313927,-0.379185,0.82747,0.270115
14,28280,7,0.331459,-0.444215,0.739937,0.381184
14,28280,8,0.806661,0.590744,-0.0143123,0.0106743
14,28280,9,0.362736,0.129482,0.869853,-0.30824
14,28280,10,0.760321,0.356777,0.33794,-0.424757
14,28280,11,0.695802,0.442248,0.360636,-0.436139
14,28280,12,0.696241,-0.675619,0.170832,-0.172059
14,28280,13,0.726307,-0.0304665,-0.686362,-0.0213882
14,28280,14,-0.70011,0.0421508,0.708229,-0.0805064
14,28280,15,0,0,0,0
14,28280,16,0.697183,0.686126,-0.156792,-0.13632
14,28280,17,0.686131,0.0606048,0.724949,0.000247806
14,28280,18,0.648075,0.0351887,0.758511,0.0584929
14,28280,19,0,0,0,0
14,28280,20,-0.0197939,0.999593,-0.0203113,0.0029668
14,28280,21,0,0,0,0
14,28280,22,0,0,0,0
14,28280,23,0,0,0,0
14,28280,24,0,0,0,0
15,29283,0,-0.0196746,0.999414,-0.00542416,0.0274762
15,29283,1,-0.0196024,0.999687,-0.00567977,0.0144662
15,29283,2,-0.0216818,0.998931,-0.0407814,0.00177598
15,29283,3,0,0,0,0
15,29283,4,0.798871,-0.601124,0.0201353,0.00707369
15,29283,5,-0.535304,0.128705,0.797947,0.245288
15,29283,6,0.286217,-0.335089,0.864578,0.241455
15,29283,7,0.279927,-0.389943,0.830323,0.283106
15,29283,8,0.808181,0.588619,-0.0167631,0.00950543
15,29283,9,0.378559,0.122923,0.877743,-0.26674
15,29283,10,0.788831,0.316074,0.365816,-0.379501
15,29283,11,0.773005,0.356586,0.387977,-0.353247
15,29283,12,0.697088,-0.674786,0.171293,-0.17144
15,29283,13,0.726047,-0.0294747,-0.686664,-0.0219166
15,29283,14,-0.699512,0.0422709,0.708869,-0.0800038
15,29283,15,0,0,0,0
15,29283,16,0.696777,0.686347,-0.157656,-0.13629
15,29283,17,0.686366,0.0601814,0.724761,-0.000623354
15,29283,18,0.649477,0.0352375,0.757283,0.0588192
15,29283,19,0,0,0,0
15,29283,20,-0.0205885,0.999561,-0.0212794,0.00142873
15,29283,21,0,0,0,0
15,29284,22,0,0,0,0
15,29284,23,0,0,0,0
15,29284,24,0,0,0,0
16,30280,0,-0.0215024,0.999266,-0.00720258,0.0308715
16,30280,1,-0.0213812,0.999638,-0.00755488,0.0144501
16,30280,2,-0.0232247,0.998802,-0.0430302,-0.00168016
16,30280,3,0,0,0,0
16,30280,4,0.801186,-0.597991,0.0213427,0.00718817
16,30280,5,-0.545923,0.122092,0.799902,0.217299
16,30280,6,0.882454,-0.221943,-0.287405,-0.299023
16,30280,7,0.853648,-0.250682,-0.274208,-0.36504
16,30280,8,0.810345,0.585461,-0.0233797,0.00534943
16,30280,9,0.408119,0.126489,0.877428,-0.21808
16,30280,10,0.836897,0.287889,0.345526,-0.311985
16,30280,11,0.822516,0.333378,0.367134,-0.278458
16,30280,12,0.695726,-0.675091,0.17378,-0.173257
16,30280,13,0.72855,-0.0295366,-0.684116,-0.0181197
16,30280,14,-0.697739,0.0429271,0.710516,-0.0805273
16,30280,15,0,0,0,0
16,30280,16,0.697369,0.686427,-0.15765,-0.132819
16,30280,17,0.683828,0.0618976,0.727008,-0.00275526
16,30280,18,0.647492,0.0359796,0.758815,0.0604917
16,30280,19,0,0,0,0
16,30280,20,-0.0222676,0.999475,-0.0234551,-0.00206747
16,30280,21,0,0,0,0
16,30280,22,0,0,0,0
16,30280,23,0,0,0,0
16,30280,24,0,0,0,0
17,31280,0,-0.0214566,0.999116,-0.009004,0.0350082
17,31280,1,-0.0212886,0.999589,-0.00939451,0.0167485
17,31280,2,-0.0226258,0.998739,-0.0448005,-0.00126955
17,31280,3,0,0,0,0
17,31280,4,0.800208,-0.599252,0.0215397,0.0100212
17,31280,5,-0.618525,0.134743,0.751742,0.184812
17,31280,6,0.909548,-0.184895,-0.269445,-0.256778
17,31280,7,0.884427,-0.218576,-0.26209,-0.318313
17,31280,8,0.810912,0.584657,-0.0227887,0.00879144
17,31280,9,0.446291,0.12941,0.867842,-0.175863
17,31280,10,0.867748,0.251981,0.330945,-0.272019
17,31280,11,0.885363,0.230643,0.358567,-0.18538
17,31280,12,0.700256,-0.669237,0.1785,-0.172918
17,31280,13,0.731557,-0.0329884,-0.680813,-0.0151175
17,31280,14,-0.69788,0.0437237,0.710167,-0.081948
17,31280,15,0,0,0,0
17,31280,16,0.693564,0.691214,-0.155637,-0.130267
17,31280,17,0.680783,0.0625238,0.729812,-0.000179095
17,31280,18,0.645109,0.0384322,0.760593,0.0621017
17,31280,19,0,0,0,0
17,31280,20,-0.0217895,0.999443,-0.025231,-0.0016509
17,31280,21,0,0,0,0
17,31281,22,0,0,0,0
17,31281,23,0,0,0,0
17,31281,24,0,0,0,0
18,32287,0,-0.0210412,0.999002,-0.00992952,0.0381232
18,32287,1,-0.0208459,0.999551,-0.0103333,0.0188593
18,32287,2,-0.0214983,0.998678,-0.0466863,-0.000168454
18,32287,3,0,0,0,0
18,32287,4,0.795805,-0.605017,0.0225511,0.01181
18,32287,5,-0.645367,0.111949,0.745171,0.125255
18,32287,6,0.923266,-0.125297,-0.292035,-0.215861
18,32287,7,0.921398,-0.125961,-0.290286,-0.225594
18,32287,8,0.814291,0.579927,-0.0216217,0.0121341
18,32287,9,0.513311,0.128912,0.838653,-0.128665
18,32287,10,0.904227,0.194496,0.322524,-0.201303
18,32287,11,0.917358,0.157865,0.332326,-0.15196
18,32287,12,0.692782,-0.675704,0.179829,-0.17646
18,32287,13,0.733614,-0.0319375,-0.678631,-0.0158396
18,32287,14,-0.698891,0.0464235,0.708853,-0.083203
18,32287,15,0,0,0,0
18,32287,16,0.698302,0.686893,-0.155736,-0.127669
18,32287,17,0.678571,0.0626358,0.731857,-0.00190164
18,32287,18,0.641116,0.0391647,0.763773,0.0639331
18,32287,19,0,0,0,0
18,32287,20,-0.0209587,0.999421,-0.0267821,-0.000551549
18,32287,21,0,0,0,0
18,32287,22,0,0,0,0
18,32287,23,0,0,0,0
18,32287,24,0,0,0,0
19,33282,0,-0.0189298,0.998886,-0.014829,0.0405969
19,33282,1,-0.0186136,0.999519,-0.015224,0.0195713
19,33282,2,-0.0184453,0.998449,-0.0525059,-0.00130768
19,33282,3,0,0,0,0
19,33282,4,0.796097,-0.604406,0.0254423,0.0166141
19,33282,5,-0.651169,0.0970294,0.747971,0.0842792
19,33283,6,0.972572,-0.12702,-0.113506,-0.158385
19,33283,7,0.970938,-0.112107,-0.107437,-0.182122
19,33283,8,0.812726,0.581846,-0.0261664,0.0156835
19,33283,9,0.630853,0.130957,0.75957,-0.0890436
19,33283,10,0.84473,0.096067,0.493483,-0.183513
19,33283,11,0.825967,0.154449,0.496392,-0.217989
19,33283,12,0.690093,-0.677977,0.18391,-0.174056
19,33283,13,0.735132,-0.0287746,-0.677116,-0.016349
19,33283,14,-0.698271,0.0491292,0.70917,-0.0841535
19,33283,15,0,0,0,0
19,33283,16,0.700467,0.685365,-0.156636,-0.122824
19,33283,17,0.676992,0.0618448,0.733363,-0.006016
19,33283,18,0.633113,0.0398017,0.770184,0.066335
19,33283,19,0,0,0,0
19,33283,20,-0.0178562,0.999309,-0.0325559,-0.00162737
19,33283,21,0,0,0,0
19,33283,22,0,0,0,0
19,33283,23,0,0,0,0
19,33283,24,0,0,0,0
20,34280,0,-0.0183771,0.998874,-0.0163791,0.0405614
20,34280,1,-0.018019,0.999517,-0.0167722,0.0189748
20,34280,2,-0.0187052,0.998432,-0.0526925,-0.00253682
20,34280,3,0,0,0,0
20,34280,4,0.795841,-0.604728,0.0268509,0.0148571
20,34280,5,-0.670362,0.107607,0.729174,0.0856783
20,34280,6,0.961889,-0.114978,-0.17884,-0.171946
20,34281,7,0.95974,-0.126869,-0.180377,-0.173978
20,34281,8,0.812534,0.582038,-0.0294278,0.0123717
20,34281,9,0.602708,0.128874,0.782228,-0.0908482
20,34281,10,0.955645,0.159617,0.197874,-0.148696
20,34281,11,0.945133,0.227408,0.211754,-0.100839
20,34281,12,0.688767,-0.679266,0.184832,-0.173303
20,34281,13,0.735104,-0.0290045,-0.677145,-0.0159855
20,34281,14,-0.697752,0.050116,0.709636,-0.0839472
20,34281,15,0,0,0,0
20,34281,16,0.701579,0.684224,-0.157571,-0.12164
20,34281,17,0.677034,0.0636837,0.733164,-0.00632903
20,34281,18,0.634639,0.0391446,0.768841,0.0677081
20,34281,19,0,0,0,0
20,34281,20,-0.0179709,0.999291,-0.0329735,-0.00284864
20,34281,21,0,0,0,0
20,34281,22,0,0,0,0
20,34281,23,0,0,0,0
20,34281,24,0,0,0,0
21,35287,0,-0.0185137,0.998843,-0.0161436,0.0413457
21,35287,1,-0.018156,0.999509,-0.0165448,0.0194797
21,35287,2,-0.0190166,0.998464,-0.0519922,-0.00232656
21,35287,3,0,0,0,0
21,35287,4,0.795981,-0.604577,0.0251966,0.0163156
21,35287,5,-0.658834,0.101604,0.740109,0.0886166
21,35287,6,0.950812,-0.108977,-0.230991,-0.17528
21,35287,7,0.94644,-0.11961,-0.230173,-0.192265
21,35287,8,0.812686,0.581881,-0.0275056,0.014121
21,35287,9,0.616698,0.129721,0.771302,-0.0891569
21,35287,10,0.947108,0.147236,0.24179,-0.151143
21,35287,11,0.933763,0.220858,0.253864,-0.121907
21,35287,12,0.689353,-0.678502,0.185138,-0.173642
21,35287,13,0.735628,-0.029126,-0.676561,-0.0163545
21,35287,14,-0.697908,0.0501849,0.709544,-0.0833842
21,35287,15,0,0,0,0
21,35288,16,0.701342,0.684698,-0.156831,-0.121291
21,35288,17,0.676463,0.0632336,0.733721,-0.00725669
21,35288,18,0.635312,0.0382715,0.768256,0.0685247
21,35288,19,0,0,0,0
21,35288,20,-0.0182266,0.999305,-0.0324189,-0.00263804
21,35288,21,0,0,0,0
21,35288,22,0,0,0,0
21,35288,23,0,0,0,0
21,35288,24,0,0,0,0
22,36287,0,-0.0183179,0.998812,-0.0152029,0.0425104
22,36287,1,-0.0179745,0.999512,-0.0156074,0.0202343
22,36287,2,-0.0191253,0.998485,-0.05155,-0.00199321
22,36287,3,0,0,0,0
22,36287,4,0.796109,-0.60443,0.0251939,0.0154705
22,36287,5,-0.663742,0.103506,0.735291,0.0898899
22,36287,6,0.934526,-0.0969687,-0.287203,-0.186476
22,36287,7,0.928903,-0.118519,-0.288937,-0.199018
22,36287,8,0.812157,0.582653,-0.0270293,0.0136516
22,36287,9,0.603082,0.126559,0.782156,-0.0922289
22,36287,10,0.942596,0.149706,0.254832,-0.155441
22,36287,11,0.924461,0.220265,0.262132,-0.167756
22,36287,12,0.689555,-0.677975,0.185306,-0.174714
22,36287,13,0.736492,-0.0296254,-0.675632,-0.0149204
22,36287,14,-0.698009,0.0507419,0.709345,-0.0838933
22,36287,15,0,0,0,0
22,36287,16,0.701305,0.685023,-0.155492,-0.121398
22,36287,17,0.67559,0.0638178,0.734481,-0.00650754
22,36287,18,0.632248,0.0397075,0.770679,0.0688418
22,36287,19,0,0,0,0
22,36287,20,-0.0182231,0.999325,-0.0317995,-0.0023021
22,36287,21,0,0,0,0
22,36287,22,0,0,0,0
22,36287,23,0,0,0,0
22,36287,24,0,0,0,0
23,37281,0,-0.0187091,0.99888,-0.015995,0.0404034
23,37281,1,-0.0183548,0.999525,-0.0164004,0.0185462
23,37281,2,-0.0194879,0.998415,-0.0526917,-0.00322913
23,37281,3,0,0,0,0
23,37281,4,0.79548,-0.605223,0.0261634,0.0152152
23,37281,5,-0.675642,0.107375,0.723689,0.0908415
23,37281,6,0.950672,-0.106631,-0.231419,-0.176913
23,37281,7,0.940609,-0.154993,-0.238064,-0.185894
23,37281,8,0.81168,0.583218,-0.0298728,0.0118644
23,37281,9,0.611531,0.127627,0.775459,-0.0916795
23,37281,10,0.942828,0.146824,0.256427,-0.154154
23,37281,11,0.906093,0.267285,0.270157,-0.185929
23,37281,12,0.688321,-0.67974,0.184317,-0.173764
23,37281,13,0.73505,-0.0301738,-0.677168,-0.0153106
23,37281,14,-0.697349,0.0515225,0.709845,-0.0846754
23,37281,15,0,0,0,0
23,37281,16,0.702056,0.683709,-0.157584,-0.121767
23,37281,17,0.677117,0.0642894,0.733038,-0.00591618
23,37281,18,0.632921,0.0394695,0.77005,0.0698326
23,37282,19,0,0,0,0
23,37282,20,-0.0185315,0.999285,-0.0327591,-0.00354522
23,37282,21,0,0,0,0
23,37282,22,0,0,0,0
23,37282,23,0,0,0,0
23,37282,24,0,0,0,0
24,38281,0,-0.0194639,0.998922,-0.0137034,0.0398412
24,38281,1,-0.0192156,0.999475,-0.0140493,0.0219664
24,38281,2,-0.0203336,0.998665,-0.0472997,0.00422767
24,38281,3,0,0,0,0
24,38281,4,0.795479,-0.605269,0.027648,0.00994836
24,38281,5,-0.615976,0.13844,0.751325,0.192141
24,38281,6,0.919303,-0.205101,-0.219656,-0.254101
24,38281,7,0.825415,-0.333564,-0.231805,-0.392034
24,38281,8,0.811176,0.584258,-0.0196124,0.0158345
24,38281,9,0.449457,0.130154,0.864401,-0.184011
24,38281,10,0.868578,0.269159,0.291015,-0.297381
24,38281,11,0.791235,0.395728,0.310344,-0.347898
24,38281,12,0.694769,-0.673286,0.184042,-0.173521
24,38281,13,0.734739,-0.0331468,-0.677355,-0.0158433
24,38281,14,-0.700989,0.0499104,0.706319,-0.0850675
24,38281,15,0,0,0,0
24,38281,16,0.697588,0.688133,-0.15606,-0.124457
24,38281,17,0.677427,0.0640652,0.732791,-0.00234621
24,38281,18,0.640417,0.0388361,0.76403,0.0679454
24,38281,19,0,0,0,0
24,38281,20,-0.0190914,0.999396,-0.0287585,0.00394357
24,38281,21,0,0,0,0
24,38281,22,0,0,0,0
24,38282,23,0,0,0,0
24,38282,24,0,0,0,0
25,39281,0,-0.019719,0.999208,-0.0085251,0.0334877
25,39281,1,-0.0196099,0.999551,-0.00877302,0.020888
25,39281,2,-0.0212105,0.998892,-0.0411372,0.00852684
25,39281,3,0,0,0,0
25,39281,4,0.802587,-0.595911,0.0272108,0.00219265
25,39281,5,-0.48924,0.127733,0.802291,0.317265
25,39281,6,0.814845,-0.295646,-0.272454,-0.417599
25,39281,7,0.670733,-0.400625,-0.266463,-0.56446
25,39281,8,0.810374,0.585626,-0.0128762,0.0130515
25,39281,9,0.398015,0.122819,0.861427,-0.29059
25,39281,10,0.772285,0.349002,0.275456,-0.453759
25,39281,11,0.678157,0.418701,0.260424,-0.544952
25,39281,12,0.693856,-0.676094,0.176621,-0.173971
25,39281,13,0.730428,-0.0361174,-0.681788,-0.0183337
25,39281,14,-0.702633,0.0490682,0.704654,-0.0857997
25,39281,15,0,0,0,0
25,39281,16,0.698404,0.685856,-0.156928,-0.131174
25,39281,17,0.68188,0.0651771,0.728549,0.00284307
25,39281,18,0.64034,0.0383397,0.764191,0.0671254
25,39281,19,0,0,0,0
25,39281,20,-0.0197857,0.999515,-0.0225756,0.00823382
25,39281,21,0,0,0,0
25,39281,22,0,0,0,0
25,39281,23,0,0,0,0
25,39281,24,0,0,0,0
26,40281,0,-0.018894,0.999457,-0.00355075,0.0267765
26,40281,1,-0.0188553,0.999684,-0.00375068,0.0161881
26,40281,2,-0.0209487,0.999082,-0.0368958,0.00587805
26,40281,3,0,0,0,0
26,40281,4,0.810013,-0.585767,0.0267486,-0.00632677
26,40281,5,-0.429461,0.124104,0.800212,0.399778
26,40282,6,0.705323,-0.319508,-0.284985,-0.564994
26,40282,7,-0.572584,0.3884,0.274928,0.667613
26,40282,8,0.809653,0.586655,-0.0172116,0.000981356
26,40282,9,0.402271,0.118683,0.836181,-0.353403
26,40282,10,0.709426,0.383373,0.202811,-0.555525
26,40282,11,0.572534,0.453626,0.194407,-0.654702
26,40282,12,0.697252,-0.674375,0.170848,-0.172824
26,40282,13,0.725706,-0.0374434,-0.686619,-0.0224493
26,40282,14,-0.700651,0.0483542,0.706595,-0.0864515
26,40282,15,0,0,0,0
26,40282,16,0.696678,0.685855,-0.157754,-0.139126
26,40282,17,0.686612,0.0653523,0.724036,0.00805373
26,40282,18,0.640923,0.0361824,0.763953,0.0654582
26,40282,19,0,0,0,0
26,40282,20,-0.019741,0.999628,-0.0179889,0.0055631
26,40282,21,0,0,0,0
26,40282,22,0,0,0,0
26,40282,23,0,0,0,0
26,40282,24,0,0,0,0
27,41288,0,-0.0198225,0.999593,-0.00175169,0.0204176
27,41288,1,-0.0198063,0.999735,-0.001927,0.0115727
27,41288,2,-0.0219595,0.999119,-0.0356211,0.00309987
27,41288,3,0,0,0,0
27,41288,4,0.812026,-0.583163,0.0227088,-0.00432763
27,41288,5,-0.42883,0.122669,0.80592,0.389294
27,41288,6,0.706114,-0.320918,-0.274491,-0.568392
27,41288,7,0.681866,-0.344942,-0.27997,-0.581112
27,41288,8,0.808285,0.588519,-0.0178819,-0.000503771
27,41288,9,0.412227,0.12668,0.834897,-0.342007
27,41288,10,0.720916,0.363338,0.222693,-0.54651
27,41288,11,0.695976,0.4107,0.259496,-0.528777
27,41288,12,0.701335,-0.672135,0.166185,-0.169548
27,41288,13,0.72124,-0.0346825,-0.691419,-0.0234479
27,41288,14,-0.699256,0.0483583,0.708202,-0.0845729
27,41288,15,0,0,0,0
27,41288,16,0.693862,0.687287,-0.159812,-0.143706
27,41288,17,0.691091,0.0658387,0.719715,0.00827974
27,41288,18,0.641381,0.0353894,0.763656,0.0648721
27,41288,19,0,0,0,0
27,41288,20,-0.0207989,0.999642,-0.0166008,0.00275742
27,41288,21,0,0,0,0
27,41288,22,0,0,0,0
27,41288,23,0,0,0,0
27,41288,24,0,0,0,0
28,42281,0,-0.0207089,0.999563,-0.00294775,0.0208902
28,42281,1,-0.0206823,0.999708,-0.00312941,0.012116
28,42281,2,-0.0230153,0.999002,-0.0380834,0.00377092
28,42281,3,0,0,0,0
28,42281,4,0.809439,-0.586747,0.023153,-0.00111971
28,42281,5,-0.529239,0.107248,0.782884,0.309026
28,42281,6,0.826636,-0.249775,-0.271579,-0.42489
28,42281,7,0.833823,-0.25472,-0.28414,-0.398901
28,42281,8,0.8084,0.588375,-0.0170622,0.00357862
28,42281,9,0.4519,0.132639,0.85054,-0.234039
28,42281,10,0.829779,0.307697,0.246313,-0.395119
28,42281,11,0.837156,0.303169,0.252514,-0.378806
28,42281,12,0.700638,-0.672686,0.16688,-0.169562
28,42281,13,0.721605,-0.0338798,-0.691117,-0.0222927
28,42281,14,-0.699721,0.0490708,0.707668,-0.0847865
28,42281,15,0,0,0,0
28,42281,16,0.693829,0.687356,-0.160719,-0.142523
28,42281,17,0.690744,0.0666919,0.719989,0.00632116
28,42281,18,0.638192,0.0352752,0.76613,0.0671703
28,42281,19,0,0,0,0
28,42281,20,-0.0218761,0.999581,-0.0186399,0.00340205
28,42281,21,0,0,0,0
28,42281,22,0,0,0,0
28,42281,23,0,0,0,0
28,42281,24,0,0,0,0
29,43280,0,-0.019601,0.999149,-0.00664214,0.0356719
29,43280,1,-0.0194895,0.9996,-0.00696243,0.0192948
29,43280,2,-0.0209463,0.998881,-0.0422899,0.00313601
29,43280,3,0,0,0,0
29,43280,4,0.803271,-0.595072,0.0252321,0.00273413
29,43280,5,-0.659502,0.141483,0.711241,0.197927
29,43280,6,0.918318,-0.181262,-0.217063,-0.276983
29,43280,7,0.900427,-0.217373,-0.219676,-0.306143
29,43280,8,0.810059,0.585979,-0.0196576,0.00681862
29,43280,9,0.515442,0.132731,0.832499,-0.153779
29,43280,10,0.90234,0.237099,0.220983,-0.284134
29,43280,11,0.920687,0.229731,0.246885,-0.196489
29,43280,12,0.695166,-0.674016,0.177271,-0.176126
29,43280,13,0.732098,-0.0389726,-0.679898,-0.0158572
29,43280,14,-0.699895,0.0496004,0.707465,-0.0847349
29,43280,15,0,0,0,0
29,43280,16,0.696263,0.688231,-0.154887,-0.132538
29,43280,17,0.680226,0.0658721,0.730023,0.00433126
29,43280,18,0.636058,0.0373444,0.767596,0.0695079
29,43280,19,0,0,0,0
29,43280,20,-0.0200356,0.999536,-0.0227843,0.00279532
29,43280,21,0,0,0,0
29,43280,22,0,0,0,0
29,43280,23,0,0,0,0
29,43281,24,0,0,0,0
30,44280,0,-0.0171468,0.999186,-0.00887488,0.0354273
30,44280,1,-0.0169984,0.999633,-0.00915589,0.0189769
30,44280,2,-0.0175453,0.998833,-0.0449126,0.00268934
30,44280,3,0,0,0,0
30,44280,4,0.798328,-0.601499,0.0295293,0.00078881
30,44280,5,0.753863,-0.159666,-0.61926,-0.150709
30,44280,6,0.949225,-0.130422,-0.161907,-0.23611
30,44280,7,0.940037,-0.111134,-0.14754,-0.286726
30,44280,8,0.8111,0.584389,-0.0242256,0.00437817
30,44280,9,0.58692,0.136573,0.788133,-0.125374
30,44280,10,0.929463,0.188484,0.193606,-0.251177
30,44280,11,0.940583,0.164666,0.19613,-0.222983
30,44280,12,0.690865,-0.678671,0.177897,-0.174536
30,44280,13,0.731893,-0.039849,-0.680084,-0.015197
30,44280,14,-0.699916,0.0504002,0.707266,-0.0857427
30,44280,15,0,0,0,0
30,44280,16,0.700596,0.683973,-0.15593,-0.130506
30,44280,17,0.680553,0.0670654,0.729603,0.0053219
30,44280,18,0.634085,0.0373344,0.769125,0.0706327
30,44281,19,0,0,0,0
30,44281,20,-0.0168584,0.999537,-0.0252048,0.0023978
30,44281,21,0,0,0,0
30,44281,22,0,0,0,0
30,44281,23,0,0,0,0
30,44281,24,0,0,0,0
31,45288,0,-0.0155925,0.999257,-0.0116151,0.0332918
31,45288,1,-0.0153811,0.999694,-0.0118936,0.0153208
31,45288,2,-0.0162657,0.998712,-0.047988,-0.00254617
31,45288,3,0,0,0,0
31,45288,4,0.7952,-0.605735,0.0261442,0.00770505
31,45288,5,0.832712,-0.151168,-0.525816,-0.0851921
31,45288,6,0.97726,-0.0579286,-0.0741726,-0.190016
31,45288,7,0.959248,0.10981,-0.0256801,-0.259085
31,45288,8,0.809264,0.586703,-0.0291186,0.00486169
31,45288,9,0.735479,0.14115,0.657966,-0.078918
31,45288,10,0.96743,0.0995618,0.109771,-0.205225
31,45288,11,0.977225,0.0512324,0.105352,-0.176938
31,45288,12,0.689357,-0.681178,0.177785,-0.170808
31,45288,13,0.730257,-0.0362895,-0.681997,-0.0169847
31,45288,14,-0.697439,0.051236,0.709716,-0.0851843
31,45288,15,0,0,0,0
31,45288,16,0.70242,0.681917,-0.157903,-0.129084
31,45288,17,0.682276,0.0666196,0.728044,0.00379942
31,45288,18,0.636324,0.0370002,0.767332,0.0701734
31,45288,19,0,0,0,0
31,45288,20,-0.0156472,0.999486,-0.0278438,-0.00282862
31,45288,21,0,0,0,0
31,45288,22,0,0,0,0
31,45288,23,0,0,0,0
31,45288,24,0,0,0,0
32,46281,0,-0.0152178,0.999306,-0.0118793,0.0318613
32,46281,1,-0.0149905,0.99973,-0.012165,0.0129594
32,46281,2,-0.0162433,0.998756,-0.0467722,-0.0058898
32,46281,3,0,0,0,0
32,46281,4,0.794873,-0.606284,0.019976,0.0140405
32,46281,5,0.863862,-0.118278,-0.48857,-0.0324375
32,46281,6,0.979238,0.0233546,-0.119271,-0.162239
32,46281,7,0.955133,0.184694,-0.0854373,-0.215197
32,46281,8,0.807898,0.588592,-0.0284582,0.00707959
32,46281,9,0.840921,0.114124,0.527165,-0.0438644
32,46281,10,0.98396,0.0152621,0.00490477,-0.17767
32,46281,11,0.996263,0.00807707,0.00576615,-0.085796
32,46281,12,0.690094,-0.680574,0.177957,-0.17006
32,46281,13,0.729152,-0.0341469,-0.683229,-0.0192032
32,46281,14,-0.695694,0.0510284,0.711542,-0.0843502
32,46281,15,0,0,0,0
32,46281,16,0.70187,0.681945,-0.159213,-0.130313
32,46282,17,0.683346,0.0648888,0.72719,0.00472554
32,46282,18,0.63324,0.0364647,0.769996,0.0691621
32,46282,19,0,0,0,0
32,46282,20,-0.0154061,0.999487,-0.027396,-0.00615034
32,46282,21,0,0,0,0
32,46282,22,0,0,0,0
32,46282,23,0,0,0,0
32,46282,24,0,0,0,0
33,47284,0,-0.0179403,0.999277,-0.0112411,0.0315651
33,47284,1,-0.017736,0.999683,-0.0115607,0.0136526
33,47284,2,-0.0200096,0.998711,-0.0464709,-0.00410968
33,47284,3,0,0,0,0
33,47284,4,0.796552,-0.604078,0.0194105,0.0147594
33,47284,5,0.860929,-0.107015,-0.496217,-0.0334475
33,47284,6,-0.58886,-0.133387,0.791625,0.0937131
33,47284,7,-0.571722,-0.317251,0.748729,0.109046
33,47284,8,0.806735,0.590291,-0.0251935,0.0100384
33,47284,9,0.784479,0.108963,0.608024,-0.0550044
33,47284,10,0.978,0.0451735,0.0873581,-0.183965
33,47284,11,0.965463,0.151705,0.107347,-0.182599
33,47284,12,0.691574,-0.678946,0.177289,-0.171248
33,47284,13,0.728941,-0.0336722,-0.683457,-0.0199474
33,47284,14,-0.696365,0.0509,0.710815,-0.0850118
33,47284,15,0,0,0,0
33,47284,16,0.700196,0.683299,-0.160194,-0.131017
33,47284,17,0.68342,0.0636902,0.727231,0.0039634
33,47284,18,0.637574,0.0369539,0.766454,0.0684268
33,47284,19,0,0,0,0
33,47284,20,-0.0188967,0.999449,-0.0269371,-0.0044251
33,47284,21,0,0,0,0
33,47285,22,0,0,0,0
33,47285,23,0,0,0,0
33,47285,24,0,0,0,0
34,48287,0,-0.0171695,0.999275,-0.0111414,0.0321133
34,48287,1,-0.0169696,0.999686,-0.0114435,0.0144246
34,48287,2,-0.0187639,0.998712,-0.0470316,-0.00312106
34,48287,3,0,0,0,0
34,48287,4,0.797095,-0.603338,0.020652,0.0139808
34,48287,5,0.84127,-0.110121,-0.527633,-0.0417196
34,48287,6,0.956351,0.0248148,-0.237404,-0.168571
34,48287,7,0.930811,0.108257,-0.211021,-0.278105
34,48287,8,0.807679,0.589005,-0.0248433,0.0104877
34,48287,9,0.648279,0.131873,0.742316,-0.106357
34,48287,10,0.934598,0.136679,0.170842,-0.28046
34,48287,11,0.850283,0.30606,0.219597,-0.367591
34,48287,12,0.69187,-0.678346,0.178161,-0.171526
34,48287,13,0.729385,-0.0322219,-0.683118,-0.0175882
34,48287,14,-0.697004,0.0521549,0.710098,-0.0850026
34,48287,15,0,0,0,0
34,48287,16,0.699893,0.683662,-0.159743,-0.131295
34,48287,17,0.683095,0.0664793,0.727298,0.000309938
34,48287,18,0.637213,0.0380371,0.766517,0.0704535
34,48287,19,0,0,0,0
34,48287,20,-0.0178643,0.999462,-0.0272869,-0.00342848
34,48287,21,0,0,0,0
34,48288,22,0,0,0,0
34,48288,23,0,0,0,0
34,48288,24,0,0,0,0
35,49281,0,-0.0158064,0.999291,-0.00977384,0.0327378
35,49281,1,-0.0156207,0.999729,-0.010068,0.0140283
35,49281,2,-0.0160971,0.998833,-0.0452944,-0.00458177
35,49281,3,0,0,0,0
35,49281,4,0.795259,-0.605804,0.0213594,0.0104312
35,49281,5,-0.631796,0.135271,0.746173,0.1605
35,49281,6,0.910412,-0.168902,-0.174472,-0.334936
35,49281,7,0.745929,-0.318667,-0.217508,-0.542892
35,49281,8,0.80873,0.587503,-0.0277653,0.00502788
35,49281,9,0.484064,0.125631,0.843094,-0.197714
35,49281,10,0.798774,0.244162,0.256337,-0.486452
35,49281,11,0.658512,0.337477,0.263385,-0.61895
35,49281,12,0.690114,-0.680106,0.17734,-0.172481
35,49281,13,0.729865,-0.03468,-0.682493,-0.0172621
35,49281,14,-0.69625,0.0524248,0.710659,-0.0863174
35,49281,15,0,0,0,0
35,49282,16,0.702493,0.681323,-0.1582,-0.131436
35,49282,17,0.682669,0.0672817,0.72762,0.00216136
35,49282,18,0.634793,0.0380242,0.768458,0.0711632
35,49282,19,0,0,0,0
35,49282,20,-0.0155806,0.999529,-0.026,-0.00485805
35,49282,21,0,0,0,0
35,49282,22,0,0,0,0
35,49282,23,0,0,0,0
35,49282,24,0,0,0,0
36,50286,0,-0.0175972,0.999489,-0.00637894,0.0258978
36,50286,1,-0.0174828,0.99979,-0.0066861,0.00839211
36,50286,2,-0.0194772,0.998959,-0.0402678,-0.0089822
36,50286,3,0,0,0,0
36,50286,4,0.801613,-0.597573,0.0115611,0.0137827
36,50286,5,-0.460163,0.124867,0.85671,0.196742
36,50286,6,0.704538,-0.268709,-0.186762,-0.629716
36,50286,7,-0.549281,0.340992,0.209714,0.733508
36,50286,8,0.80794,0.588701,-0.0256374,0.00277047
36,50286,9,0.403514,0.0815104,0.869906,-0.271654
36,50286,10,-0.619667,-0.256856,-0.258911,0.694984
36,50286,11,-0.493783,-0.299935,-0.190397,0.793704
36,50286,12,0.693553,-0.679003,0.170462,-0.169943
36,50286,13,0.725088,-0.0333675,-0.687556,-0.0200213
36,50286,14,-0.693568,0.0526125,0.713246,-0.0864587
36,50286,15,0,0,0,0
36,50286,16,0.701315,0.681365,-0.159343,-0.136051
36,50286,17,0.687448,0.067555,0.723076,0.00352235
36,50287,18,0.636211,0.0379603,0.767332,0.0706795
36,50287,19,0,0,0,0
36,50287,20,-0.0185548,0.99956,-0.0211715,-0.00930103
36,50287,21,0,0,0,0
36,50287,22,0,0,0,0
36,50287,23,0,0,0,0
36,50287,24,0,0,0,0
37,51281,0,-0.0194348,0.999601,-0.00497195,0.0198807
37,51281,1,-0.0193597,0.999785,-0.00525665,0.0052077
37,51281,2,-0.0217402,0.998964,-0.0388922,-0.00924025
37,51281,3,0,0,0,0
37,51281,4,0.808742,-0.587935,0.0102163,0.0127957
37,51281,5,-0.442309,0.124717,0.850348,0.256351
37,51281,6,-0.553047,0.258845,0.104085,0.785051
37,51281,7,-0.373431,0.314624,0.118915,0.864534
37,51281,8,0.807413,0.589451,-0.0251125,0.00140247
37,51281,9,0.399126,0.0966324,0.854785,-0.317339
37,51281,10,-0.514679,-0.247359,-0.162885,0.804604
37,51281,11,-0.382292,-0.275464,-0.115292,0.87446
37,51282,12,0.697287,-0.676422,0.167214,-0.168178
37,51282,13,0.720872,-0.0339257,-0.691884,-0.0221125
37,51282,14,-0.692865,0.051474,0.713988,-0.086664
37,51282,15,0,0,0,0
37,51282,16,0.697353,0.683703,-0.162449,-0.140925
37,51282,17,0.691542,0.0683147,0.719066,0.0069249
37,51282,18,0.638779,0.0371925,0.765381,0.0690639
37,51282,19,0,0,0,0
37,51282,20,-0.0205051,0.999548,-0.0197901,-0.0095845
37,51282,21,0,0,0,0
37,51282,22,0,0,0,0
37,51282,23,0,0,0,0
37,51282,24,0,0,0,0
38,52280,0,-0.0199234,0.999627,-0.00439963,0.0181741
38,52280,1,-0.0198647,0.999778,-0.0046575,0.00521569
38,52280,2,-0.0219435,0.998967,-0.0390883,-0.00744226
38,52280,3,0,0,0,0
38,52280,4,0.808369,-0.58845,0.0133157,0.0094669
38,52280,5,-0.398432,0.0894329,0.856278,0.316293
38,52280,6,-0.405656,0.262402,0.0481683,0.874224
38,52280,7,-0.187574,0.287953,0.0190112,0.938902
38,52280,8,0.808971,0.587306,-0.0252401,0.000316959
38,52280,9,0.382051,0.100938,0.866058,-0.306254
38,52280,10,-0.38422,-0.289156,-0.0292216,0.876305
38,52280,11,-0.220121,-0.302105,0.0126468,0.927426
38,52280,12,0.696781,-0.677172,0.166048,-0.16841
38,52280,13,0.719731,-0.0342173,-0.693074,-0.0215708
38,52280,14,-0.693893,0.0517256,0.712923,-0.0870519
38,52280,15,0,0,0,0
38,52280,16,0.697087,0.683212,-0.164025,-0.142784
38,52280,17,0.692665,0.0690403,0.717898,0.00844895
38,52280,18,0.640955,0.0385609,0.763506,0.0689043
38,52280,19,0,0,0,0
38,52280,20,-0.0209205,0.999553,-0.0199027,-0.00780196
38,52280,21,0,0,0,0
38,52280,22,0,0,0,0
38,52280,23,0,0,0,0
38,52280,24,0,0,0,0
39,53281,0,-0.020599,0.999645,-0.00306685,0.0166437
39,53281,1,-0.0205552,0.999779,-0.003348,0.00298448
39,53281,2,-0.0223618,0.999008,-0.0370735,-0.0103782
39,53281,3,0,0,0,0
39,53281,4,0.808958,-0.587691,0.00891144,0.0112675
39,53281,5,-0.411557,0.116736,0.861372,0.273919
39,53281,6,-0.49885,0.275589,0.0943145,0.816274
39,53281,7,-0.446149,0.326206,0.172857,0.815268
39,53281,8,0.810232,0.585546,-0.0256489,-0.00155095
39,53281,9,0.390643,0.0923844,0.863766,-0.304585
39,53281,10,-0.487447,-0.291357,-0.11756,0.814669
39,53281,11,-0.538166,-0.310545,-0.17935,0.76274
39,53281,12,0.696956,-0.677506,0.163894,-0.168456
39,53281,13,0.718664,-0.0339899,-0.694177,-0.0220207
39,53281,14,-0.692498,0.052532,0.714304,-0.0863498
39,53281,15,0,0,0,0
39,53281,16,0.69725,0.68273,-0.164188,-0.1441
39,53281,17,0.693661,0.0692259,0.716907,0.0093107
39,53281,18,0.641669,0.0380796,0.763031,0.0677888
39,53281,19,0,0,0,0
39,53281,20,-0.0215025,0.999548,-0.0180751,-0.0107549
39,53281,21,0,0,0,0
39,53281,22,0,0,0,0
39,53281,23,0,0,0,0
39,53281,24,0,0,0,0
40,54286,0,-0.0200389,0.999644,-0.00477138,0.0169737
40,54286,1,-0.0199708,0.999783,-0.00504866,0.00311668
40,54286,2,-0.0217735,0.998903,-0.0401242,-0.0104234
40,54286,3,0,0,0,0
40,54286,4,0.806302,-0.591232,0.00854016,0.015772
40,54286,5,-0.463685,0.121707,0.853627,0.203725
40,54286,6,0.737845,-0.316763,-0.137876,-0.579859
40,54286,7,0.738779,-0.374178,-0.201508,-0.52306
40,54286,8,0.808084,0.588519,-0.0252386,0.00291344
40,54286,9,0.413327,0.100056,0.874771,-0.23222
40,54286,10,0.703436,0.357994,0.164185,-0.59166
40,54286,11,0.742389,0.349771,0.195154,-0.53706
40,54286,12,0.699435,-0.674919,0.165879,-0.166609
40,54286,13,0.718805,-0.0315755,-0.694138,-0.0222514
40,54286,14,-0.692551,0.0521426,0.714338,-0.0858825
40,54286,15,0,0,0,0
40,54286,16,0.694364,0.685763,-0.164259,-0.143552
40,54286,17,0.693564,0.0694779,0.717005,0.00674756
40,54286,18,0.639998,0.0377386,0.764469,0.0675755
40,54287,19,0,0,0,0
40,54287,20,-0.021036,0.999512,-0.0204032,-0.0108101
40,54287,21,0,0,0,0
40,54287,22,0,0,0,0
40,54287,23,0,0,0,0
40,54287,24,0,0,0,0
41,55280,0,-0.0204152,0.999554,-0.00652284,0.0208085
41,55280,1,-0.0203094,0.999758,-0.00684518,0.00498349
41,55280,2,-0.021692,0.998828,-0.0419591,-0.0105551
41,55280,3,0,0,0,0
41,55280,4,0.803604,-0.594818,0.00939988,0.017972
41,55280,5,-0.579781,0.133815,0.783367,0.179678
41,55280,6,0.892206,-0.221864,-0.15303,-0.36239
41,55280,7,0.887002,-0.216339,-0.145064,-0.381289
41,55280,8,0.80846,0.587951,-0.0260856,0.00504159
41,55280,9,0.505776,0.134333,0.832608,-0.181408
41,55280,10,0.847558,0.247892,0.230276,-0.408863
41,55280,11,0.843729,0.27559,0.248124,-0.388079
41,55280,12,0.697509,-0.675738,0.168921,-0.1683
41,55280,13,0.721627,-0.0310646,-0.691342,-0.0182965
41,55280,14,-0.692572,0.0514024,0.714278,-0.08665
41,55280,15,0,0,0,0
41,55280,16,0.695301,0.685675,-0.163555,-0.140197
41,55280,17,0.690866,0.0698411,0.719588,0.00436288
41,55280,18,0.629349,0.0405082,0.772856,0.0705107
41,55280,19,0,0,0,0
41,55280,20,-0.0209625,0.999469,-0.0224239,-0.0109362
41,55280,21,0,0,0,0
41,55281,22,0,0,0,0
41,55281,23,0,0,0,0
41,55281,24,0,0,0,0
42,56287,0,-0.0197046,0.999407,-0.0099806,0.0264154
42,56287,1,-0.0195295,0.999714,-0.0103191,0.00916961
42,56288,2,-0.0216262,0.998724,-0.0449692,-0.00782998
42,56288,3,0,0,0,0
42,56288,4,0.795764,-0.605218,0.015126,0.0155516
42,56288,5,0.75426,-0.155256,-0.628543,-0.109187
42,56288,6,0.960459,-0.110588,-0.0552046,-0.249481
42,56288,7,0.949595,-0.0339607,-0.0225088,-0.310821
42,56288,8,0.807372,0.589396,-0.0269415,0.00609478
42,56288,9,0.551049,0.116982,0.815954,-0.129918
42,56288,10,0.911392,0.192228,0.220215,-0.289687
42,56288,11,0.915937,0.197197,0.22796,-0.264965
42,56288,12,0.692413,-0.6795,0.17319,-0.169851
42,56288,13,0.725451,-0.0291566,-0.687434,-0.0174701
42,56288,14,-0.694323,0.0499904,0.712634,-0.0870007
42,56288,15,0,0,0,0
42,56288,16,0.699621,0.682826,-0.162449,-0.133752
42,56288,17,0.686984,0.067659,0.723509,0.00313954
42,56288,18,0.631825,0.0407551,0.771251,0.0656323
42,56288,19,0,0,0,0
42,56288,20,-0.0209103,0.999442,-0.0247226,-0.00822187
42,56288,21,0,0,0,0
42,56288,22,0,0,0,0
42,56288,23,0,0,0,0
42,56288,24,0,0,0,0
43,57286,0,-0.0204992,0.999364,-0.0120087,0.0265971
43,57286,1,-0.0202666,0.999689,-0.0123974,0.00753868
43,57286,2,-0.0217543,0.998509,-0.0487889,-0.0112499
43,57286,3,0,0,0,0
43,57286,4,0.796522,-0.6041,0.0160194,0.0189293
43,57286,5,0.822113,-0.128718,-0.551783,-0.0556522
43,57286,6,0.960959,-0.0843904,0.207897,-0.161908
43,57286,7,0.935452,0.0308161,0.244966,-0.252925
43,57286,8,0.806933,0.589687,-0.0331733,0.0052932
43,57286,9,0.729969,0.119743,0.666959,-0.0892918
43,57286,10,0.971916,0.106264,0.101794,-0.183645
43,57286,11,0.980911,0.0187401,0.0896021,-0.171561
43,57287,12,0.690845,-0.680764,0.174503,-0.169829
43,57287,13,0.725577,-0.0284218,-0.687354,-0.0165612
43,57287,14,-0.6925,0.0496172,0.714424,-0.0870666
43,57287,15,0,0,0,0
43,57287,16,0.700727,0.681502,-0.164521,-0.132174
43,57287,17,0.686831,0.0696405,0.723472,0.00137939
43,57287,18,0.629179,0.0411124,0.77338,0.0657825
43,57287,19,0,0,0,0
43,57287,20,-0.0211715,0.999301,-0.0285251,-0.0116558
43,57287,21,0,0,0,0
43,57287,22,0,0,0,0
43,57287,23,0,0,0,0
43,57287,24,0,0,0,0
44,58280,0,-0.0275596,0.998951,-0.018605,0.0314946
44,58280,1,-0.0271549,0.999396,-0.0191909,0.010097
44,58280,2,-0.0273363,0.998018,-0.055639,-0.0108065
44,58280,3,0,0,0,0
44,58280,4,0.799758,-0.599307,0.0154686,0.0312949
44,58280,5,0.917554,-0.116117,-0.379424,-0.0254712
44,58280,6,0.911702,-0.00332597,0.379198,-0.158108
44,58280,7,0.867805,0.132836,0.408941,-0.249069
44,58280,8,0.799488,0.599545,-0.0320962,0.0182883
44,58280,9,0.905124,0.108819,0.409325,-0.0369106
44,58280,10,0.767969,0.0678543,-0.620017,-0.145597
44,58280,11,-0.663557,0.0889823,0.687721,0.28074
44,58281,12,0.695939,-0.674172,0.18055,-0.169005
44,58281,13,0.729608,-0.0250576,-0.683238,0.0151818
44,58281,14,-0.687367,0.0564106,0.712531,-0.129013
44,58281,15,0,0,0,0
44,58281,16,0.693179,0.691322,-0.163396,-0.121976
44,58281,17,0.683831,0.0441208,0.727661,-0.030624
44,58281,18,0.614794,0.118878,0.774352,0.0909674
44,58281,19,0,0,0,0
44,58281,20,-0.0270225,0.998934,-0.0356809,-0.0113327
44,58281,21,0,0,0,0
44,58281,22,0,0,0,0
44,58281,23,0,0,0,0
44,58281,24,0,0,0,0
45,59281,0,0.0355051,0.995831,-0.0790682,-0.0284127
45,59281,1,0.0361153,0.995582,-0.0787914,-0.03611
45,59281,2,0.030872,0.989292,-0.133742,-0.0496042
45,59281,3,0,0,0,0
45,59281,4,0.40556,0.913122,-0.0362257,-0.0204442
45,59281,5,0.876214,-0.435829,-0.197757,-0.056523
45,59281,6,0.524289,-0.136412,0.840329,-0.0189968
45,59281,7,0.568283,0.0792917,0.757858,-0.310514
45,59281,8,0.723303,0.689838,-0.0230345,-0.0206372
45,59281,9,0.950311,0.0596593,0.2983,-0.0660864
45,59281,10,0.715525,-0.41466,0.561258,-0.0327172
45,59281,11,0.826528,-0.0866406,0.500735,0.242093
45,59281,12,-0.611872,0.759126,-0.197334,0.101975
45,59281,13,0.69804,0.207798,-0.683664,-0.0465078
45,59281,14,-0.596547,-0.0430211,0.797274,0.0814562
45,59281,15,0,0,0,0
45,59281,16,0.742588,0.594271,-0.267895,-0.153746
45,59281,17,0.832507,-0.0842413,0.546915,-0.026816
45,59281,18,0.869872,0.255858,0.278353,0.316828
45,59281,19,0,0,0,0
45,59281,20,0.0299598,0.993828,-0.0945421,-0.0496946
45,59281,21,0,0,0,0
45,59281,22,0,0,0,0
45,59281,23,0,0,0,0
45,59281,24,0,0,0,0
46,60280,0,-0.117027,-0.319752,0.113414,0.933381
46,60280,1,-0.121931,-0.27814,0.108125,0.946615
46,60280,2,-0.189445,-0.204273,0.139071,0.950285
46,60280,3,0,0,0,0
46,60280,4,-0.243656,-0.0621282,-0.514992,0.819484
46,60280,5,-0.119606,0.184818,0.662134,0.716321
46,60280,6,-0.37599,-0.554852,-0.146108,0.727614
46,60280,7,-0.0612735,-0.680634,-0.505591,0.52665
46,60280,8,0.731994,0.523756,-0.0528123,-0.432522
46,60280,9,-0.226884,3.99769e-05,0.954039,0.195787
46,60280,10,0.954023,0.193657,0.210989,0.0884296
46,60281,11,0.949387,0.205497,0.212327,0.106547
46,60281,12,0.0509182,-0.277771,-0.439321,0.852788
46,60281,13,0.682377,-0.475466,0.359977,-0.422741
46,60281,14,0.174127,-0.622279,0.758955,0.0802222
46,60281,15,0,0,0,0
46,60281,16,-0.332036,-0.179196,0.727186,0.573446
46,60281,17,0.56147,-0.0379068,0.711849,-0.420221
46,60281,18,0.800479,0.183208,0.412843,0.393991
46,60281,19,0,0,0,0
46,60281,20,-0.157405,-0.206533,0.117656,0.958501
46,60281,21,0,0,0,0
46,60281,22,0,0,0,0
46,60281,23,0,0,0,0
46,60281,24,0,0,0,0
47,61279,0,-0.117027,-0.319752,0.113414,0.933381
47,61279,1,-0.121931,-0.27814,0.108125,0.946615
47,61279,2,-0.189445,-0.204273,0.139071,0.950285
47,61279,3,0,0,0,0
47,61279,4,-0.243656,-0.0621282,-0.514992,0.819484
47,61279,5,-0.119606,0.184818,0.662134,0.716321
47,61279,6,-0.37599,-0.554852,-0.146108,0.727614
47,61279,7,-0.0612735,-0.680634,-0.505591,0.52665
47,61279,8,0.731994,0.523756,-0.0528123,-0.432522
47,61280,9,-0.226884,3.99769e-05,0.954039,0.195787
47,61280,10,0.954023,0.193657,0.210989,0.0884296
47,61280,11,0.949387,0.205497,0.212327,0.106547
47,61280,12,0.0509182,-0.277771,-0.439321,0.852788
47,61280,13,0.682377,-0.475466,0.359977,-0.422741
47,61280,14,0.174127,-0.622279,0.758955,0.0802222
47,61280,15,0,0,0,0
47,61280,16,-0.332036,-0.179196,0.727186,0.573446
47,61280,17,0.56147,-0.0379068,0.711849,-0.420221
47,61280,18,0.800479,0.183208,0.412843,0.393991
47,61280,19,0,0,0,0
47,61280,20,-0.157405,-0.206533,0.117656,0.958501
47,61280,21,0,0,0,0
47,61280,22,0,0,0,0
47,61280,23,0,0,0,0
47,61280,24,0,0,0,0
48,62285,0,-0.117027,-0.319752,0.113414,0.933381
48,62285,1,-0.121931,-0.27814,0.108125,0.946615
48,62285,2,-0.189445,-0.204273,0.139071,0.950285
48,62285,3,0,0,0,0
48,62285,4,-0.243656,-0.0621282,-0.514992,0.819484
48,62285,5,-0.119606,0.184818,0.662134,0.716321
48,62285,6,-0.37599,-0.554852,-0.146108,0.727614
48,62285,7,-0.0612735,-0.680634,-0.505591,0.52665
48,62285,8,0.731994,0.523756,-0.0528123,-0.432522
48,62285,9,-0.226884,3.99769e-05,0.954039,0.195787
48,62285,10,0.954023,0.193657,0.210989,0.0884296
48,62285,11,0.949387,0.205497,0.212327,0.106547
48,62285,12,0.0509182,-0.277771,-0.439321,0.852788
48,62285,13,0.682377,-0.475466,0.359977,-0.422741
48,62285,14,0.174127,-0.622279,0.758955,0.0802222
48,62286,15,0,0,0,0
48,62286,16,-0.332036,-0.179196,0.727186,0.573446
48,62286,17,0.56147,-0.0379068,0.711849,-0.420221
48,62286,18,0.800479,0.183208,0.412843,0.393991
48,62286,19,0,0,0,0
48,62286,20,-0.157405,-0.206533,0.117656,0.958501
48,62286,21,0,0,0,0
48,62286,22,0,0,0,0
48,62286,23,0,0,0,0
48,62286,24,0,0,0,0
